Format,State,"Air Carrier","Flight Type","Stage Type",Year,Months,"Passengers Carried","Passenger-KM performed (1000s)","Seat-KM available (1000s)","Passenger load factor"
"SRI LANKA",FITSAIR,"Scheduled flight","International flights",2017,3,0,0,0,0
KYRGYZSTAN,KYRGYZSTAN,"Scheduled flight","International flights",2017,10,26117,60906,78058,0.78
KYRGYZSTAN,KYRGYZSTAN,"Scheduled flight","Domestic flights",2017,7,21558,8408,9020,0.932
UZBEKISTAN,"UZBEKISTAN AIRWAYS","Scheduled flight","International flights",2017,9,1549491,5068226,6300030,0.804
UZBEKISTAN,"UZBEKISTAN AIRWAYS","Scheduled flight","Domestic flights",2017,9,357893,219263,356719,0.615
TAJIKISTAN,TAJIKISTANAL,"Scheduled flight","International flights",2017,3,73418,214567,492292,0.436
TAJIKISTAN,TAJIKISTANAL,"Scheduled flight","Domestic flights",2017,3,2902,1218,3310,0.368
"RUSSIAN FEDERATION","URAL AIRLINES","Scheduled flight","International flights",2017,10,2080652,5927091,7204438,0.823
"RUSSIAN FEDERATION","URAL AIRLINES","Scheduled flight","Domestic flights",2017,10,3891056,8123053,9641570,0.843
"RUSSIAN FEDERATION","UTAIR AVIATION","Scheduled flight","International flights",2017,10,877160,1969676,2454876,0.802
"RUSSIAN FEDERATION","UTAIR AVIATION","Scheduled flight","Domestic flights",2017,10,4860874,7089279,9555329,0.742
"RUSSIAN FEDERATION","AEROFLOT RUSSIAN AIRLINES","Scheduled flight","International flights",2017,10,14454872,50908362,62345037,0.817
"RUSSIAN FEDERATION","AEROFLOT RUSSIAN AIRLINES","Scheduled flight","Domestic flights",2017,10,13236760,26408964,31171357,0.847
"RUSSIAN FEDERATION","SIBERIA AIRLINES","Scheduled flight","International flights",2017,10,2676877,6638901,7917080,0.839
"RUSSIAN FEDERATION","SIBERIA AIRLINES","Scheduled flight","Domestic flights",2017,10,5771328,9712260,11075395,0.877
"RUSSIAN FEDERATION",GLOBUS,"Scheduled flight","International flights",2017,10,625312,1684486,1938089,0.869
"RUSSIAN FEDERATION",GLOBUS,"Scheduled flight","Domestic flights",2017,10,3082780,7542580,8837129,0.854
"RUSSIAN FEDERATION","AIRBRIDGE CARGO","Scheduled flight","International flights",2017,10,0,0,0,0
"RUSSIAN FEDERATION","AIRBRIDGE CARGO","Scheduled flight","Domestic flights",2017,9,0,0,0,0
"REPUBLIC OF MOLDOVA","AIR MOLDOVA","Scheduled flight","International flights",2017,10,913372,1359518,1789855,0.76
LUXEMBOURG,CARGOLUX,"Scheduled flight","International flights",2017,11,0,0,0,0
LUXEMBOURG,LUXAIR,"Scheduled flight","International flights",2017,11,1773523,2132771,3020848,0.706
NETHERLANDS,KLM,"Scheduled flight","International flights",2017,9,25417501,79853860,89672892,0.891
NETHERLANDS,"KLM CITYHOPPER","Scheduled flight","International flights",2017,1,86,80,1564,0.051
MONGOLIA,"MONGOLIAN AIRLINES","Scheduled flight","International flights",2017,11,407186,993398,1277709,0.777
MONGOLIA,AEROMONGOLIA,"Scheduled flight","International flights",2017,11,21308,18276,25789,0.709
MONGOLIA,AEROMONGOLIA,"Scheduled flight","Domestic flights",2017,11,43673,40492,60420,0.67
MONGOLIA,"HUNNU AIR","Scheduled flight","International flights",2017,11,14121,12730,26279,0.484
MONGOLIA,"HUNNU AIR","Scheduled flight","Domestic flights",2017,11,71568,68986,91442,0.754
"UNITED STATES","AIR WISCONSIN","Scheduled flight","International flights",2017,6,154535,98480,114823,0.858
"UNITED STATES","AIR WISCONSIN","Scheduled flight","Domestic flights",2017,6,1596124,968234,1292718,0.749
"UNITED STATES",ALASKA,"Scheduled flight","International flights",2017,6,1045473,2222799,2675572,0.831
"UNITED STATES",ALASKA,"Scheduled flight","Domestic flights",2017,6,11701691,25601081,30005535,0.853
"UNITED STATES",AMERICAN,"Scheduled flight","International flights",2017,6,14106229,59097576,75529440,0.782
"UNITED STATES",AMERICAN,"Scheduled flight","Domestic flights",2017,6,57395924,99155180,117624300,0.843
"UNITED STATES",DELTA,"Scheduled flight","International flights",2017,6,12155022,62270861,73668286,0.845
"UNITED STATES",DELTA,"Scheduled flight","Domestic flights",2017,6,58826698,89895920,103712340,0.867
"UNITED STATES","FRONTIER AIRLINES","Scheduled flight","International flights",2017,6,484649,1127138,1314428,0.858
"UNITED STATES","FRONTIER AIRLINES","Scheduled flight","Domestic flights",2017,6,7403811,13193843,15130133,0.872
"UNITED STATES","HAWAIIAN AIRLINES","Scheduled flight","International flights",2017,6,616927,4180348,5262460,0.794
"UNITED STATES","HAWAIIAN AIRLINES","Scheduled flight","Domestic flights",2017,6,4862513,8511817,9606125,0.886
"UNITED STATES","HORIZON AIR","Scheduled flight","International flights",2017,6,285125,111658,151648,0.736
"UNITED STATES","HORIZON AIR","Scheduled flight","Domestic flights",2017,6,3347474,1683570,2118401,0.795
"UNITED STATES","JETBLUE AIRWAYS","Scheduled flight","International flights",2017,6,3725128,7689816,9334904,0.824
"UNITED STATES","JETBLUE AIRWAYS","Scheduled flight","Domestic flights",2017,6,16277662,30176375,35481846,0.85
"UNITED STATES","MESA AIRLINES","Scheduled flight","International flights",2017,6,720999,834902,1111170,0.751
"UNITED STATES","MESA AIRLINES","Scheduled flight","Domestic flights",2017,6,5959658,5330081,6557190,0.813
"UNITED STATES","NORTHERN AIR CARGO","Scheduled flight","Domestic flights",2017,6,0,0,0,0
"UNITED STATES","PENINSULA AIRWAYS","Scheduled flight","Domestic flights",2017,6,149742,98483,192129,0.513
"UNITED STATES","PIEDMONT AVIATION","Scheduled flight","Domestic flights",2017,6,1373215,500422,671283,0.745
"UNITED STATES",SOUTHWEST,"Scheduled flight","International flights",2017,6,1926423,3704656,4728646,0.783
"UNITED STATES",SOUTHWEST,"Scheduled flight","Domestic flights",2017,6,75088870,98829080,118959530,0.831
"UNITED STATES","SPIRIT AIRLINES","Scheduled flight","International flights",2017,6,908114,1452123,1867353,0.778
"UNITED STATES","SPIRIT AIRLINES","Scheduled flight","Domestic flights",2017,6,10673455,17584538,20986081,0.838
"UNITED STATES","SUN COUNTRY","Scheduled flight","International flights",2017,6,279015,795791,1087523,0.732
"UNITED STATES","SUN COUNTRY","Scheduled flight","Domestic flights",2017,6,1015916,2164777,2722630,0.795
"UNITED STATES","TRANS STATES AIRLINES","Scheduled flight","International flights",2017,6,107189,73535,86913,0.846
"UNITED STATES","TRANS STATES AIRLINES","Scheduled flight","Domestic flights",2017,6,1592159,1146056,1458283,0.786
"UNITED STATES",UNITED,"Scheduled flight","International flights",2017,6,13092405,70247936,90618610,0.775
"UNITED STATES",UNITED,"Scheduled flight","Domestic flights",2017,6,38347100,78465080,91307570,0.859
"UNITED STATES","WRIGHT AIR LINES","Scheduled flight","Domestic flights",2017,6,19480,6780,12460,0.544
"UNITED STATES","ABX AIR","Scheduled flight","International flights",2017,6,0,0,0,0
"UNITED STATES","ABX AIR","Scheduled flight","Domestic flights",2017,6,0,0,0,0
"UNITED STATES","AMERIJET INTERNATIONAL","Scheduled flight","International flights",2017,6,0,0,0,0
"UNITED STATES","AMERIJET INTERNATIONAL","Scheduled flight","Domestic flights",2017,6,0,0,0,0
"UNITED STATES","SKYWEST AIRLINES","Scheduled flight","International flights",2017,6,811053,991171,1229485,0.806
"UNITED STATES","SKYWEST AIRLINES","Scheduled flight","Domestic flights",2017,6,15855468,13289540,16515330,0.805
"UNITED STATES","SEABORNE AIRLINES","Scheduled flight","International flights",2017,6,61564,17851,30692,0.582
"UNITED STATES","SEABORNE AIRLINES","Scheduled flight","Domestic flights",2017,6,89797,9502,15147,0.627
"UNITED STATES","KENMORE AIR","Scheduled flight","International flights",2017,6,8387,985,1494,0.659
"UNITED STATES","KENMORE AIR","Scheduled flight","Domestic flights",2017,6,14617,957,1831,0.523
"UNITED STATES","AIR SUNSHINE","Scheduled flight","International flights",2017,6,3797,668,1659,0.403
"UNITED STATES","AIR SUNSHINE","Scheduled flight","Domestic flights",2017,6,1178,123,533,0.231
"UNITED STATES",COMMUTAIR,"Scheduled flight","International flights",2017,1,1816,564,1027,0.549
"UNITED STATES",COMMUTAIR,"Scheduled flight","Domestic flights",2017,6,771758,336606,430030,0.783
"UNITED STATES",PSA,"Scheduled flight","International flights",2017,6,8949,8929,15517,0.575
"UNITED STATES",PSA,"Scheduled flight","Domestic flights",2017,6,6079279,3792504,4927824,0.77
"UNITED STATES","ERA AVIATION","Scheduled flight","Domestic flights",2017,6,209143,65934,117189,0.563
"UNITED STATES","ALLEGIANT AIR","Scheduled flight","International flights",2017,1,6162,14736,17818,0.827
"UNITED STATES","ALLEGIANT AIR","Scheduled flight","Domestic flights",2017,6,6161751,9019654,10772145,0.837
"UNITED STATES","EXPRESSJET AIRLINES INC.","Scheduled flight","International flights",2017,6,683654,759199,953321,0.796
"UNITED STATES","EXPRESSJET AIRLINES INC.","Scheduled flight","Domestic flights",2017,6,7951048,5990824,7684744,0.78
"UNITED STATES","GOJET AIRLINES","Scheduled flight","International flights",2017,6,136005,148430,177933,0.834
"UNITED STATES","GOJET AIRLINES","Scheduled flight","Domestic flights",2017,6,2383492,2002201,2493668,0.803
"UNITED STATES","ALOHA AIR CARGO","Scheduled flight","Domestic flights",2017,6,0,0,0,0
"UNITED STATES","VIRGIN AMERICA","Scheduled flight","International flights",2017,6,85216,229950,281725,0.816
"UNITED STATES","VIRGIN AMERICA","Scheduled flight","Domestic flights",2017,6,3862709,9515763,11393816,0.835
"UNITED STATES","REPUBLIC AIRLINES","Scheduled flight","International flights",2017,6,534845,427990,599385,0.714
"UNITED STATES","REPUBLIC AIRLINES","Scheduled flight","Domestic flights",2017,6,7391321,7100982,9549907,0.744
"UNITED STATES","COMPASS AIRLINES USA","Scheduled flight","International flights",2017,6,183271,299223,373599,0.801
"UNITED STATES","COMPASS AIRLINES USA","Scheduled flight","Domestic flights",2017,6,2639223,2871391,3767732,0.762
"UNITED STATES","FRONTIER FLYING","Scheduled flight","Domestic flights",2017,6,0,0,0,0
"UNITED STATES","LYNDEN AIR CARGO","Scheduled flight","Domestic flights",2017,6,0,0,0,0
"UNITED STATES","ENDEAVOR AIR","Scheduled flight","International flights",2017,6,362175,278506,337409,0.825
"UNITED STATES","ENDEAVOR AIR","Scheduled flight","Domestic flights",2017,6,5207195,4200876,5426567,0.774
"UNITED STATES","Ace Air","Scheduled flight","Domestic flights",2017,6,0,0,0,0
"UNITED STATES","BERING AIR","Scheduled flight","Domestic flights",2017,6,32421,5713,15241,0.375
"UNITED STATES","Cape Air","Scheduled flight","International flights",2017,6,19778,2999,5616,0.534
"UNITED STATES","Cape Air","Scheduled flight","Domestic flights",2017,6,284146,48985,86175,0.568
"UNITED STATES","Grant Aviation","Scheduled flight","Domestic flights",2017,6,49389,6149,18836,0.326
"UNITED STATES","Hageland Aviation","Scheduled flight","Domestic flights",2017,6,113554,18896,45814,0.412
"UNITED STATES","SILVER AIRWAYS","Scheduled flight","International flights",2017,6,116425,37021,62780,0.59
"UNITED STATES","SILVER AIRWAYS","Scheduled flight","Domestic flights",2017,6,207225,74679,112358,0.665
"UNITED STATES","SPERNAK AIRWAYS","Scheduled flight","Domestic flights",2017,6,59,7,37,0.189
"UNITED STATES","TRADEWIND AVIATION","Scheduled flight","International flights",2017,6,11097,3747,5573,0.672
"UNITED STATES","TRADEWIND AVIATION","Scheduled flight","Domestic flights",2017,6,3695,1082,1983,0.546
"UNITED STATES","SKY LEASE CARGO","Scheduled flight","International flights",2017,5,0,0,0,0
"UNITED STATES","SKY LEASE CARGO","Scheduled flight","Domestic flights",2017,2,0,0,0,0
"UNITED STATES",WARBELOW,"Scheduled flight","Domestic flights",2017,6,8230,2016,6941,0.29
"UNITED STATES","Flight Alaska a.k.a Yute Air","Scheduled flight","Domestic flights",2017,3,5239,416,1388,0.3
"UNITED STATES","New England Airlines","Scheduled flight","Domestic flights",2017,6,11228,307,591,0.519
"UNITED STATES","40-MILE AIR","Scheduled flight","Domestic flights",2017,6,318,47,158,0.297
"UNITED STATES","AIR EXCURSIONS","Scheduled flight","Domestic flights",2017,6,3137,208,438,0.475
"UNITED STATES","AIR CHARTER","Scheduled flight","Domestic flights",2017,6,37300,1706,2873,0.594
"UNITED STATES","ARCTIC TRANSPORTATION","Scheduled flight","Domestic flights",2017,6,301,23,590,0.039
"UNITED STATES","BOUTIQUE AIR","Scheduled flight","Domestic flights",2017,6,86466,32525,47683,0.682
"UNITED STATES","CHARTER AIR TRANSPORT","Scheduled flight","Domestic flights",2017,6,25884,13928,48398,0.288
"UNITED STATES","CITY WINGS","Scheduled flight","Domestic flights",2017,6,11538,835,1182,0.706
"UNITED STATES","ELLIS AIR","Scheduled flight","Domestic flights",2017,5,112,18,90,0.2
"UNITED STATES","GRAND CANYON","Scheduled flight","Domestic flights",2017,6,1387,164,179,0.916
"UNITED STATES","GRAND CANYON HELICOPTERS","Scheduled flight","Domestic flights",2017,3,188,18,50,0.36
"UNITED STATES","GREAT LAKES AIRLINES","Scheduled flight","Domestic flights",2017,6,33403,15877,49333,0.322
"UNITED STATES","ILIAMNA AIR TAXI","Scheduled flight","Domestic flights",2017,6,3219,979,1871,0.523
"UNITED STATES","ISLAND AIR HAWAII","Scheduled flight","Domestic flights",2017,6,354103,68028,96826,0.703
"UNITED STATES","ISLAND AIR SERVICE","Scheduled flight","Domestic flights",2017,6,6787,478,1463,0.327
"UNITED STATES","KALININ AVIATION","Scheduled flight","Domestic flights",2017,6,28383,3027,6254,0.484
"UNITED STATES","MAKANI KAI AIR","Scheduled flight","Domestic flights",2017,6,5347,289,690,0.419
"UNITED STATES","MOKULELE FLIGHT SERVICES","Scheduled flight","Domestic flights",2017,6,122113,14794,21220,0.697
"UNITED STATES","AIR CHOICE ONE","Scheduled flight","Domestic flights",2017,6,39433,13536,24776,0.546
"UNITED STATES","PACIFIC AIRWAYS","Scheduled flight","Domestic flights",2017,6,4633,289,902,0.32
"UNITED STATES","REEVE AIR ALASKA","Scheduled flight","Domestic flights",2017,6,70,18,187,0.096
"UNITED STATES","SCOTT AIR","Scheduled flight","Domestic flights",2017,6,8813,794,1332,0.596
"UNITED STATES","SMOKEY BAY AIR","Scheduled flight","Domestic flights",2017,6,9145,306,676,0.453
"UNITED STATES","SUN AIR EXPRESS","Scheduled flight","Domestic flights",2017,6,31303,7858,20427,0.385
"UNITED STATES","TANANA AIR SERVICE","Scheduled flight","Domestic flights",2017,5,46,2,49,0.041
"UNITED STATES","TATONDUK OUTFITTERS","Scheduled flight","Domestic flights",2017,6,1016,246,831,0.296
"UNITED STATES","VENTURE TRAVEL","Scheduled flight","Domestic flights",2017,6,14075,187,1040,0.18
"UNITED STATES","VIEQUES AIR LINK","Scheduled flight","Domestic flights",2017,6,47501,2233,3855,0.579
"UNITED STATES","WARD AIR","Scheduled flight","Domestic flights",2017,6,18,1,4,0.25
"UNITED STATES","WEST ISLE AIR","Scheduled flight","Domestic flights",2017,2,454,58,465,0.125
"UNITED STATES","KATMAI AIR","Scheduled flight","Domestic flights",2017,1,1336,69,122,0.566
"UNITED STATES","STAR MARIANAS AIR","Scheduled flight","Domestic flights",2017,6,39295,1392,2123,0.656
"UNITED STATES","ULTIMATE JETCHARTERS","Scheduled flight","Domestic flights",2017,6,30055,15515,26339,0.589
"UNITED STATES","Empire Airlines","Scheduled flight","Domestic flights",2017,6,108833,12058,22465,0.537
"UNITED STATES","Bemidji Airlines","Scheduled flight","Domestic flights",2017,6,0,0,0,0
"UNITED STATES","Monarch Air","Scheduled flight","Domestic flights",2017,6,5422,1795,2655,0.676
"UNITED STATES","Gem Air","Scheduled flight","Domestic flights",2017,6,177,46,286,0.161
"UNITED STATES","Elite Airways","Scheduled flight","International flights",2017,3,647,410,1497,0.274
"UNITED STATES","Elite Airways","Scheduled flight","Domestic flights",2017,6,18733,33343,48834,0.683
"UNITED STATES","Aerodynamics, Inc.","Scheduled flight","Domestic flights",2017,6,29703,14990,26646,0.563
"UNITED STATES","Contour Airlines","Scheduled flight","Domestic flights",2017,6,9366,2622,3955,0.663
"UNITED STATES","TRANS NORTHERN AIRWAYS","Scheduled flight","International flights",2017,6,2371,1094,2404,0.455
"UNITED STATES","TRANS NORTHERN AIRWAYS","Scheduled flight","Domestic flights",2017,1,12,4,4,1
"UNITED STATES","Envoy Air","Scheduled flight","International flights",2017,6,470585,525031,695612,0.755
"UNITED STATES","Envoy Air","Scheduled flight","Domestic flights",2017,6,5163515,3986143,5138164,0.776
"UNITED REPUBLIC OF TANZANIA","AIR TANZANIA","Scheduled flight","International flights",2017,1,663,449,1352,0.332
"UNITED REPUBLIC OF TANZANIA","AIR TANZANIA","Scheduled flight","Domestic flights",2017,1,11997,9469,21394,0.443
"UNITED KINGDOM","CAYMAN AIRWAYS","Scheduled flight","International flights",2017,7,180657,171762,355111,0.484
"UNITED KINGDOM","CAYMAN AIRWAYS","Scheduled flight","Domestic flights",2017,7,56587,8191,13628,0.601
"UNITED KINGDOM",AURIGNY,"Scheduled flight","International flights",2017,6,1960,673,1841,0.366
"UNITED KINGDOM",AURIGNY,"Scheduled flight","Domestic flights",2017,6,245731,67330,103805,0.649
"UNITED KINGDOM","BMI REGIONAL","Scheduled flight","International flights",2017,6,201972,159163,308205,0.516
"UNITED KINGDOM","BMI REGIONAL","Scheduled flight","Domestic flights",2017,6,26838,16004,33284,0.481
"UNITED KINGDOM","BRITISH AIRWAYS","Scheduled flight","International flights",2017,6,17956069,68767329,85429300,0.805
"UNITED KINGDOM","BRITISH AIRWAYS","Scheduled flight","Domestic flights",2017,6,2513021,1208949,1596308,0.757
"UNITED KINGDOM","EASTERN AIRWAYS","Scheduled flight","International flights",2017,6,24492,11818,23338,0.506
"UNITED KINGDOM","EASTERN AIRWAYS","Scheduled flight","Domestic flights",2017,6,90295,31360,76022,0.413
"UNITED KINGDOM","EASYJET AIRLINE","Scheduled flight","International flights",2017,6,28941362,34791802,38890920,0.895
"UNITED KINGDOM","EASYJET AIRLINE","Scheduled flight","Domestic flights",2017,6,3778912,1741831,2129227,0.818
"UNITED KINGDOM","FLYBE.BRITISH EUROPEAN","Scheduled flight","International flights",2017,6,1662218,1171685,1754044,0.668
"UNITED KINGDOM","FLYBE.BRITISH EUROPEAN","Scheduled flight","Domestic flights",2017,6,2561617,976973,1431257,0.683
"UNITED KINGDOM",LOGANAIR,"Scheduled flight","International flights",2017,6,8587,4339,7199,0.603
"UNITED KINGDOM",LOGANAIR,"Scheduled flight","Domestic flights",2017,6,356848,108800,176711,0.616
"UNITED KINGDOM","MONARCH AIRLINES","Scheduled flight","International flights",2017,6,2690678,5317531,6614667,0.804
"UNITED KINGDOM","VIRGIN ATLANTIC","Scheduled flight","International flights",2017,6,2298294,16171286,20855966,0.775
"UNITED KINGDOM","JET2.COM LTD","Scheduled flight","International flights",2017,6,3706582,7805386,8886480,0.878
"UNITED KINGDOM","JET2.COM LTD","Scheduled flight","Domestic flights",2017,4,3893,1921,3143,0.611
"UNITED KINGDOM","BA CITYFLYER","Scheduled flight","International flights",2017,6,743973,563510,816957,0.69
"UNITED KINGDOM","BA CITYFLYER","Scheduled flight","Domestic flights",2017,6,320928,173613,252113,0.689
"UNITED KINGDOM","THOMAS COOK AIRLINES","Scheduled flight","International flights",2017,6,2710018,9396997,10560505,0.89
"UNITED KINGDOM","THOMAS COOK AIRLINES","Scheduled flight","Domestic flights",2017,1,0,0,43,0
"UNITED KINGDOM","THOMSON AIRWAYS","Scheduled flight","International flights",2017,6,480921,2408317,2571150,0.937
"UNITED KINGDOM","BLUE ISLANDS LIMITED","Scheduled flight","International flights",2017,3,216,136,299,0.455
"UNITED KINGDOM","BLUE ISLANDS LIMITED","Scheduled flight","Domestic flights",2017,6,170457,28526,48087,0.593
"UNITED KINGDOM","VIRGIN ATLANTIC INTERNATIONAL","Scheduled flight","International flights",2017,6,162534,1097860,1254252,0.875
THAILAND,"THAI AIRWAYS","Scheduled flight","International flights",2017,10,13839850,54948625,68239156,0.805
THAILAND,"THAI AIRWAYS","Scheduled flight","Domestic flights",2017,10,2394131,1517149,1987782,0.763
SWITZERLAND,"EDELWEISS AIR","Scheduled flight","International flights",2017,9,1311843,4951803,6225481,0.795
SWITZERLAND,SWISS,"Scheduled flight","International flights",2017,11,14885568,36057906,43125695,0.836
SWITZERLAND,SWISS,"Scheduled flight","Domestic flights",2017,11,601223,132881,221415,0.6
SWITZERLAND,BELAIR,"Scheduled flight","International flights",2017,6,35638,76119,84155,0.905
SWITZERLAND,"HELVETIC AIRWAYS","Scheduled flight","International flights",2017,8,26014,21571,34665,0.622
SWITZERLAND,"HELVETIC AIRWAYS","Scheduled flight","Domestic flights",2017,5,0,0,104,0
SWITZERLAND,"EASY JET SWITZERLAND","Scheduled flight","International flights",2017,9,5791365,5756301,6408776,0.898
SWITZERLAND,"EASY JET SWITZERLAND","Scheduled flight","Domestic flights",2017,4,484,38,205,0.185
SPAIN,"AIR EUROPA","Scheduled flight","International flights",2017,9,3978245,16115048,19226361,0.838
SPAIN,"AIR EUROPA","Scheduled flight","Domestic flights",2017,9,3753478,3008363,3832383,0.785
SPAIN,"AIR NOSTRUM","Scheduled flight","International flights",2017,9,864417,707255,1054289,0.671
SPAIN,"AIR NOSTRUM","Scheduled flight","Domestic flights",2017,9,2412532,980830,1417347,0.692
SPAIN,"BINTER CANARIAS","Scheduled flight","International flights",2017,8,88074,82694,135549,0.61
SPAIN,"BINTER CANARIAS","Scheduled flight","Domestic flights",2017,8,390970,63682,85069,0.749
SPAIN,IBERIA,"Scheduled flight","International flights",2017,2,1486489,6552748,7881265,0.831
SPAIN,IBERIA,"Scheduled flight","Domestic flights",2017,2,430497,190262,260682,0.73
SPAIN,SWIFTAIR,"Scheduled flight","International flights",2017,1,0,0,0,0
SPAIN,SWIFTAIR,"Scheduled flight","Domestic flights",2017,1,0,0,0,0
SPAIN,"NAV. Y SERV. AEREOS CANARIOS","Scheduled flight","Domestic flights",2017,9,964177,166481,215137,0.774
SPAIN,PULLMANTUR,"Scheduled flight","International flights",2017,9,155697,1126383,1249368,0.902
SPAIN,VOLOTEA,"Scheduled flight","International flights",2017,9,3379223,3014366,3813914,0.79
SPAIN,VOLOTEA,"Scheduled flight","Domestic flights",2017,9,236634,169899,215871,0.787
SPAIN,"IBERIA EXPRESS","Scheduled flight","International flights",2017,7,964460,1423600,1755846,0.811
SPAIN,"IBERIA EXPRESS","Scheduled flight","Domestic flights",2017,7,1841451,2295482,2732276,0.84
SPAIN,CANARYFLY,"Scheduled flight","Domestic flights",2017,8,322811,58657,86554,0.678
SPAIN,EVELOP,"Scheduled flight","International flights",2017,8,156072,1164587,1293497,0.9
SPAIN,EVELOP,"Scheduled flight","Domestic flights",2017,6,22167,35072,37984,0.923
SPAIN,CANAIR,"Scheduled flight","Domestic flights",2017,9,689284,123880,152708,0.811
SCANDINAVIA,SAS,"Scheduled flight","International flights",2017,12,13240840,28285430,37171156,0.761
SCANDINAVIA,SAS,"Scheduled flight","Domestic flights",2017,12,10982716,5664378,8058495,0.703
PORTUGAL,"SATA INTERNACIONAL","Scheduled flight","International flights",2017,8,248305,1021921,1314741,0.777
PORTUGAL,"SATA INTERNACIONAL","Scheduled flight","Domestic flights",2017,8,425957,630415,861884,0.731
PORTUGAL,"SATA AIR ACORES","Scheduled flight","Domestic flights",2017,8,447285,80545,121075,0.665
PORTUGAL,"TAP AIR PORTUGAL","Scheduled flight","International flights",2017,10,9932325,27140951,32659268,0.831
PORTUGAL,"TAP AIR PORTUGAL","Scheduled flight","Domestic flights",2017,10,1780159,1296913,1690873,0.767
PORTUGAL,"EUROATLANTIC AIRWAYS","Scheduled flight","International flights",2017,9,17431,53130,107314,0.495
PORTUGAL,PORTUGALIA,"Scheduled flight","International flights",2017,11,0,0,0,0
PORTUGAL,PORTUGALIA,"Scheduled flight","Domestic flights",2017,11,0,0,0,0
POLAND,LOT,"Scheduled flight","International flights",2017,1,349300,643636,899527,0.716
POLAND,LOT,"Scheduled flight","Domestic flights",2017,1,90071,26441,46297,0.571
PARAGUAY,"TAM MERCOSUR","Scheduled flight","International flights",2017,8,277186,392420,520065,0.755
PAKISTAN,"SHAHEEN AIR INTL","Scheduled flight","International flights",2017,1,162598,469968,550225,0.854
PAKISTAN,"SHAHEEN AIR INTL","Scheduled flight","Domestic flights",2017,1,51948,53937,63012,0.856
PAKISTAN,AIRBLUE,"Scheduled flight","International flights",2017,1,128620,344345,364730,0.944
PAKISTAN,AIRBLUE,"Scheduled flight","Domestic flights",2017,1,36153,38526,42987,0.896
MAURITIUS,"AIR MAURITIUS","Scheduled flight","International flights",2017,1,147675,651391,838805,0.777
MAURITIUS,"AIR MAURITIUS","Scheduled flight","Domestic flights",2017,1,18376,11117,13056,0.851
MALAYSIA,"MALAYSIAN AIRLINES","Scheduled flight","International flights",2017,11,7921469,25735497,32739385,0.786
MALAYSIA,"MALAYSIAN AIRLINES","Scheduled flight","Domestic flights",2017,11,4798260,4235641,5896484,0.718
KUWAIT,"KUWAIT AIRWAYS","Scheduled flight","International flights",2017,6,1847062,5150638,7842903,0.657
KUWAIT,"JAZEERA AIRWAYS","Scheduled flight","International flights",2017,1,106458,132108,169163,0.781
QATAR,"QATAR AIRWAYS","Scheduled flight","International flights",2017,11,27587664,131554310,180246450,0.73
SLOVENIA,"ADRIA AIRWAYS","Scheduled flight","International flights",2017,11,1010490,761446,1136107,0.67
MADAGASCAR,"AIR MADAGASCAR","Scheduled flight","International flights",2017,9,110602,437910,627906,0.697
MADAGASCAR,"AIR MADAGASCAR","Scheduled flight","Domestic flights",2017,9,246826,124104,170805,0.727
TURKEY,"ONUR AIR TASIMACILIK","Scheduled flight","International flights",2017,9,880831,2019279,2301772,0.877
TURKEY,"ONUR AIR TASIMACILIK","Scheduled flight","Domestic flights",2017,9,1723196,1262545,1477569,0.854
TURKEY,"SUN EXPRESS","Scheduled flight","International flights",2017,11,4202851,10410199,12713205,0.819
TURKEY,"SUN EXPRESS","Scheduled flight","Domestic flights",2017,11,2474000,2427529,2968947,0.818
TURKEY,"MNG AIRLINES","Scheduled flight","International flights",2017,10,0,0,0,0
TURKEY,"MNG AIRLINES","Scheduled flight","Domestic flights",2017,10,0,0,0,0
TURKEY,PEGASUS,"Scheduled flight","International flights",2017,7,5404321,9037112,11467870,0.788
TURKEY,PEGASUS,"Scheduled flight","Domestic flights",2017,7,9371784,6429714,7389964,0.87
TURKEY,"TAILWIND AIRLINES","Scheduled flight","International flights",2017,1,175,459,472,0.972
ROMANIA,TAROM,"Scheduled flight","International flights",2017,10,1457346,2069087,2886522,0.717
ROMANIA,TAROM,"Scheduled flight","Domestic flights",2017,10,408710,145636,222507,0.655
ROMANIA,"AIR BUCHAREST","Scheduled flight","International flights",2017,9,12339,22268,25642,0.868
ROMANIA,"BLUE AIR AMS","Scheduled flight","International flights",2017,10,1459218,2540454,3125212,0.813
ROMANIA,"BLUE AIR AMS","Scheduled flight","Domestic flights",2017,10,423657,141136,191476,0.737
ROMANIA,"COBREX HELICOPTERS","Scheduled flight","International flights",2017,1,5246,3534,5780,0.611
OMAN,"OMAN AIR","Scheduled flight","International flights",2017,2,1228283,3181841,4041937,0.787
OMAN,"OMAN AIR","Scheduled flight","Domestic flights",2017,2,112799,93560,106009,0.883
MALTA,"AIR MALTA","Scheduled flight","International flights",2017,7,850508,1229050,1649211,0.745
VENEZUELA,"ASERCA  AIRLINES","Scheduled flight","International flights",2017,2,19699,13743,31719,0.433
VENEZUELA,"ASERCA  AIRLINES","Scheduled flight","Domestic flights",2017,2,73800,30110,37303,0.807
KAZAKHSTAN,"AIR ASTANA","Scheduled flight","International flights",2017,11,1873043,5885074,8913260,0.66
KAZAKHSTAN,"AIR ASTANA","Scheduled flight","Domestic flights",2017,11,1979746,2418241,3500126,0.691
AZERBAIJAN,"AZALAVIA HAVA YOLL.","Scheduled flight","International flights",2017,9,1361864,3000384,4146639,0.724
AZERBAIJAN,"AZALAVIA HAVA YOLL.","Scheduled flight","Domestic flights",2017,9,466711,310051,346975,0.894
CZECHIA,"CZECH AIRLINES","Scheduled flight","International flights",2017,11,2385888,3126098,3824668,0.817
CZECHIA,"CZECH AIRLINES","Scheduled flight","Domestic flights",2017,11,27354,8559,16200,0.528
CZECHIA,"TRAVEL SERVIS","Scheduled flight","International flights",2017,10,1790747,3327664,4116531,0.808
CROATIA,"CROATIA AIRLINES","Scheduled flight","International flights",2017,12,1531776,1337528,1798420,0.744
CROATIA,"CROATIA AIRLINES","Scheduled flight","Domestic flights",2017,12,526028,168103,231857,0.725
AUSTRIA,"AUSTRIAN AIRLINES GROUP","Scheduled flight","International flights",2017,10,9658185,16133279,20862879,0.773
AUSTRIA,"AUSTRIAN AIRLINES GROUP","Scheduled flight","Domestic flights",2017,10,421599,115894,187361,0.619
AUSTRALIA,QANTAS,"Scheduled flight","International flights",2017,6,3330260,26437298,33308442,0.794
AUSTRALIA,QANTAS,"Scheduled flight","Domestic flights",2017,6,7121911,10324996,13529765,0.763
AUSTRALIA,QANTASLINK,"Scheduled flight","Domestic flights",2017,6,3045489,2295222,3439919,0.667
ARGENTINA,"AEROLINEAS ARGENTINAS","Scheduled flight","International flights",2017,11,2814282,12337445,14355961,0.859
ARGENTINA,"AEROLINEAS ARGENTINAS","Scheduled flight","Domestic flights",2017,11,5668786,6873543,8734294,0.787
ARGENTINA,AUSTRAL,"Scheduled flight","International flights",2017,11,472797,456877,585094,0.781
ARGENTINA,AUSTRAL,"Scheduled flight","Domestic flights",2017,11,2951878,2550514,3170935,0.804
ARGENTINA,"LAN ARGENTINA","Scheduled flight","International flights",2017,11,574516,2072670,2312106,0.896
ARGENTINA,"LAN ARGENTINA","Scheduled flight","Domestic flights",2017,11,2341769,2689332,3342205,0.805
ALGERIA,"AIR ALGERIE","Scheduled flight","International flights",2017,2,532263,829406,1329612,0.624
ALGERIA,"AIR ALGERIE","Scheduled flight","Domestic flights",2017,2,275901,166486,257585,0.646
FRANCE,"AIR TAHITI NUI","Scheduled flight","International flights",2017,11,406801,3441329,4085354,0.842
FRANCE,"XL AIRWAYS (FR)","Scheduled flight","International flights",2017,11,382450,2626427,3062712,0.858
FRANCE,"XL AIRWAYS (FR)","Scheduled flight","Domestic flights",2017,11,206293,1570602,1822560,0.862
FRANCE,"AIR CARAIBES","Scheduled flight","International flights",2017,11,235885,1530568,2105020,0.727
FRANCE,"AIR CARAIBES","Scheduled flight","Domestic flights",2017,11,1185266,5986466,6829947,0.877
FRANCE,"AIR AUSTRAL","Scheduled flight","International flights",2017,11,501270,688638,994861,0.692
FRANCE,"AIR AUSTRAL","Scheduled flight","Domestic flights",2017,11,543321,4016665,4511139,0.89
FRANCE,"AIR CALEDONIE INTL","Scheduled flight","International flights",2017,11,344885,1424867,1764672,0.807
FRANCE,"AIR CALEDONIE INTL","Scheduled flight","Domestic flights",2017,11,39518,99440,141203,0.704
FRANCE,"AIR FRANCE","Scheduled flight","International flights",2017,11,29235995,112208511,129582066,0.866
FRANCE,"AIR FRANCE","Scheduled flight","Domestic flights",2017,11,17128932,19745033,24551663,0.804
FRANCE,CORSAIR,"Scheduled flight","International flights",2017,11,418220,1999440,2684574,0.745
FRANCE,CORSAIR,"Scheduled flight","Domestic flights",2017,11,718786,5469563,6484886,0.843
FRANCE,CORSE-MEDITERRANEE,"Scheduled flight","International flights",2017,9,47186,46531,56095,0.83
FRANCE,CORSE-MEDITERRANEE,"Scheduled flight","Domestic flights",2017,11,1631158,940394,1326319,0.709
FRANCE,"AIGLE AZUR","Scheduled flight","International flights",2017,11,1778461,2468390,3342301,0.739
FRANCE,"AIGLE AZUR","Scheduled flight","Domestic flights",2017,11,7349,1922,8155,0.236
FRANCE,"TRANSAVIA.COM FRANCE","Scheduled flight","International flights",2017,11,5051482,7741580,9048733,0.856
FRANCE,"TRANSAVIA.COM FRANCE","Scheduled flight","Domestic flights",2017,7,1733,875,1022,0.856
FRANCE,"EUROPE AIRPOST","Scheduled flight","International flights",2017,11,56012,95229,154202,0.618
FRANCE,"EUROPE AIRPOST","Scheduled flight","Domestic flights",2017,11,3471,3103,7432,0.418
FINLAND,FINNAIR,"Scheduled flight","International flights",2017,12,9871785,29797408,35458038,0.84
FINLAND,FINNAIR,"Scheduled flight","Domestic flights",2017,12,2128681,1105665,1639478,0.674
FINLAND,"FLYBE FINLAND","Scheduled flight","International flights",2017,1,122158,110413,168572,0.655
FINLAND,"FLYBE FINLAND","Scheduled flight","Domestic flights",2017,1,87022,38187,70528,0.541
EGYPT,"EGYPT AIR","Scheduled flight","International flights",2017,7,4124951,10267360,14821658,0.693
EGYPT,"EGYPT AIR","Scheduled flight","Domestic flights",2017,7,788207,370259,481028,0.77
EGYPT,"AIR ARABIA EGYPT","Scheduled flight","International flights",2017,2,50842,99713,132883,0.75
EGYPT,FlyEgypt,"Scheduled flight","International flights",2017,8,106084,166374,234595,0.709
"IRAN (ISLAMIC REPUBLIC OF)","IRAN AIR","Scheduled flight","International flights",2017,10,597249,1388412,2221032,0.625
"IRAN (ISLAMIC REPUBLIC OF)","IRAN AIR","Scheduled flight","Domestic flights",2017,10,1676264,1092305,1320489,0.827
INDIA,"AIR INDIA","Scheduled flight","International flights",2017,11,5675229,27974650,35848305,0.78
INDIA,"AIR INDIA","Scheduled flight","Domestic flights",2017,11,12901640,12479792,15887334,0.786
INDIA,"ALLIANCE AIR","Scheduled flight","Domestic flights",2017,11,891894,398426,531975,0.749
INDIA,"JET AIRWAYS","Scheduled flight","International flights",2017,11,7543280,25452650,31200733,0.816
INDIA,"JET AIRWAYS","Scheduled flight","Domestic flights",2017,11,16230716,14819581,17902412,0.828
INDIA,SPICEJET,"Scheduled flight","International flights",2017,11,1692437,3297752,3684274,0.895
INDIA,SPICEJET,"Scheduled flight","Domestic flights",2017,11,14004730,12565503,13376983,0.939
INDIA,"GO AIRLINES","Scheduled flight","Domestic flights",2017,11,8932385,8425144,9578392,0.88
INDIA,INDIGO,"Scheduled flight","International flights",2017,11,2535945,6004804,7259706,0.827
INDIA,INDIGO,"Scheduled flight","Domestic flights",2017,11,41941788,41434109,47689157,0.869
INDIA,"AIR INDIA EXPRESS","Scheduled flight","International flights",2017,11,3352932,8809323,11710029,0.752
INDIA,"AIR INDIA EXPRESS","Scheduled flight","Domestic flights",2017,11,83660,67800,131464,0.516
INDIA,"JET LITE","Scheduled flight","Domestic flights",2017,11,2507566,2099292,2515977,0.834
INDIA,"BLUE DART AVIATION","Scheduled flight","Domestic flights",2017,11,0,0,0,0
INDIA,"Air Costa","Scheduled flight","Domestic flights",2017,6,84326,76317,92153,0.828
INDIA,"AirAsia India","Scheduled flight","Domestic flights",2017,11,3829783,3707393,4280930,0.866
INDIA,VISTARA,"Scheduled flight","Domestic flights",2017,11,3651311,4144002,4913249,0.843
INDIA,"AIR PEGASUS","Scheduled flight","Domestic flights",2017,6,0,0,0,0
INDIA,TruJet,"Scheduled flight","Domestic flights",2017,11,451582,190756,251707,0.758
INDIA,"Quikjet Airlines","Scheduled flight","Domestic flights",2017,7,0,0,0,0
INDIA,"Air Carnival","Scheduled flight","Domestic flights",2017,6,38648,16012,24669,0.649
INDIA,"ZOOM AIR","Scheduled flight","Domestic flights",2017,4,7777,7422,10238,0.725
ICELAND,ICELANDAIR,"Scheduled flight","International flights",2017,9,3269857,10125783,12102810,0.837
HUNGARY,"WIZZ AIR HUNGARY","Scheduled flight","International flights",2017,5,11408204,16352316,17569878,0.931
HUNGARY,"WIZZ AIR HUNGARY","Scheduled flight","Domestic flights",2017,5,97254,32212,38280,0.841
HONDURAS,"ISLENA INVERSIONES","Scheduled flight","International flights",2017,10,27131,10044,19600,0.512
HONDURAS,"ISLENA INVERSIONES","Scheduled flight","Domestic flights",2017,10,64588,11242,19370,0.58
JAPAN,"ALL NIPPON AIRWAYS","Scheduled flight","International flights",2017,9,7129978,35934039,47249133,0.761
JAPAN,"ALL NIPPON AIRWAYS","Scheduled flight","Domestic flights",2017,9,29581228,26960025,40093095,0.672
JAPAN,JAL,"Scheduled flight","International flights",2017,6,4142543,20164318,24937868,0.809
JAPAN,JAL,"Scheduled flight","Domestic flights",2017,6,12028256,9806725,14219812,0.69
JAPAN,"NIPPON CARGO","Scheduled flight","International flights",2017,9,0,0,0,0
JAMAICA,"FLY JAMAICA","Scheduled flight","International flights",2017,7,82013,265201,461783,0.574
ITALY,"AIR DOLOMITI","Scheduled flight","International flights",2017,1,106055,61188,101140,0.605
ITALY,"CARGOLUX ITALIA","Scheduled flight","International flights",2017,11,0,0,0,0
GUATEMALA,AVIATECA,"Scheduled flight","International flights",2017,10,73240,45109,65381,0.69
GUATEMALA,AVIATECA,"Scheduled flight","Domestic flights",2017,10,55121,14888,20935,0.711
GREECE,"ASTRA AIRLINES","Scheduled flight","International flights",2017,1,143,293,344,0.852
GREECE,"ASTRA AIRLINES","Scheduled flight","Domestic flights",2017,9,176979,65570,109333,0.6
"COSTA RICA",LACSA,"Scheduled flight","International flights",2017,10,1225001,2155614,2655069,0.812
COLOMBIA,"COPA AIRLINES COLOMBIA","Scheduled flight","International flights",2017,11,1628137,1281895,1621762,0.79
COLOMBIA,"COPA AIRLINES COLOMBIA","Scheduled flight","Domestic flights",2017,7,63627,49423,75645,0.653
CHINA,"AHK AIR HONG KONG","Scheduled flight","International flights",2017,3,0,0,0,0
CHINA,"CATHAY PACIFIC","Scheduled flight","International flights",2017,3,6020532,27348330,32073220,0.853
CHINA,DRAGONAIR,"Scheduled flight","International flights",2017,3,2478276,3364123,4370115,0.77
CHINA,"HONG KONG EXPRESS","Scheduled flight","International flights",2017,3,829525,2058666,2161023,0.953
CHILE,"LAN CARGO","Scheduled flight","International flights",2017,11,0,0,0,0
CHILE,"LAN CARGO","Scheduled flight","Domestic flights",2017,1,0,0,0,0
CHILE,"LAN EXPRESS","Scheduled flight","International flights",2017,10,44142,147555,231520,0.637
CHILE,"LAN EXPRESS","Scheduled flight","Domestic flights",2017,11,4476539,4481640,5545034,0.808
CHILE,"AEROVIAS DAP","Scheduled flight","International flights",2017,9,4047,3254,5256,0.619
CHILE,"AEROVIAS DAP","Scheduled flight","Domestic flights",2017,11,82074,55293,85456,0.647
CHILE,"LAN CHILE","Scheduled flight","International flights",2017,11,4755254,18157700,21059916,0.862
CHILE,"LAN CHILE","Scheduled flight","Domestic flights",2017,11,2717418,4041115,4888959,0.827
CHILE,"SKY AIRLINE","Scheduled flight","International flights",2017,11,616362,882761,1079660,0.818
CHILE,"SKY AIRLINE","Scheduled flight","Domestic flights",2017,11,2831910,3033222,3667234,0.827
CHILE,"Latin American Wings","Scheduled flight","International flights",2017,11,160226,555715,927427,0.599
CHILE,"Latin American Wings","Scheduled flight","Domestic flights",2017,11,89739,56364,130151,0.433
CHILE,"JETSMART AIR","Scheduled flight","Domestic flights",2017,5,235138,214193,311796,0.687
BRAZIL,ABSA,"Scheduled flight","International flights",2017,10,0,0,0,0
BRAZIL,ABSA,"Scheduled flight","Domestic flights",2017,10,0,0,0,0
BRAZIL,GOL,"Scheduled flight","International flights",2017,10,1445589,2934009,3839309,0.764
BRAZIL,GOL,"Scheduled flight","Domestic flights",2017,10,24395035,25654035,32146112,0.798
BRAZIL,"TAM LINHAS AEREAS","Scheduled flight","International flights",2017,9,3976938,20444471,23611316,0.866
BRAZIL,"TAM LINHAS AEREAS","Scheduled flight","Domestic flights",2017,9,20793749,21846099,26457729,0.826
BRAZIL,TOTAL,"Scheduled flight","Domestic flights",2017,10,0,0,0,0
BRAZIL,AZUL,"Scheduled flight","International flights",2017,10,596605,3290076,3645912,0.902
BRAZIL,AZUL,"Scheduled flight","Domestic flights",2017,10,16404850,12475657,15556370,0.802
BRAZIL,OCEANAIR,"Scheduled flight","International flights",2017,10,131510,554552,726175,0.764
BRAZIL,OCEANAIR,"Scheduled flight","Domestic flights",2017,10,8705568,9643343,11343659,0.85
BRAZIL,PASSAREDO,"Scheduled flight","Domestic flights",2017,10,529960,294298,468120,0.629
BRAZIL,"MAP LINHAS AEREAS","Scheduled flight","Domestic flights",2017,10,74609,49188,81735,0.602
BELGIUM,JETAIRFLY,"Scheduled flight","International flights",2017,10,3640410,8010345,9233433,0.868
BELGIUM,JETAIRFLY,"Scheduled flight","Domestic flights",2017,10,446,33,2720,0.012
BELGIUM,"SN BRUSSELS AIRLINES","Scheduled flight","International flights",2017,11,8301336,14034813,17826402,0.787
BELGIUM,"THOMAS COOK AIRLINES BELGIUM","Scheduled flight","International flights",2017,9,610287,1453640,1657300,0.877
GERMANY,CONDOR,"Scheduled flight","International flights",2017,11,7140274,26476370,29665343,0.893
GERMANY,LUFTHANSA,"Scheduled flight","International flights",2017,11,44902431,137036813,166670930,0.822
GERMANY,LUFTHANSA,"Scheduled flight","Domestic flights",2017,11,11367809,4629295,6479500,0.714
BAHRAIN,"DHL INTERNATIONAL","Scheduled flight","International flights",2017,1,0,0,0,0
BAHRAIN,"GULF AIR","Scheduled flight","International flights",2017,1,454582,843762,1137007,0.742
CAMBODIA,"CAMBODIA ANGKOR AIR","Scheduled flight","International flights",2017,7,401387,427740,955538,0.448
CAMBODIA,"CAMBODIA ANGKOR AIR","Scheduled flight","Domestic flights",2017,7,143474,31620,56136,0.563
CAMBODIA,"SKYWINGS ASIA AIRLINES","Scheduled flight","International flights",2017,7,204434,501475,555539,0.903
"EL SALVADOR",TACA,"Scheduled flight","International flights",2017,10,2227279,4110375,4964915,0.828
